sample;devol_yield
brown_coal_1;3.437226915
brown_coal_2;3.163017032
brown_coal_3;4.827940421
brown_coal_4;4.509894156
brown_coal_5;4.128819158
brown_coal_6;27.59526938
brown_coal_7;6.95329087
brown_coal_9;7.018209408
brown_coal_10;21.66005291
brown_coal_11;1.965317919
brown_coal_12;5.12319124
brown_coal_13;12.37263464
brown_coal_14;4.573061808
brown_coal_15;3.400309119
brown_coal_16;17.69822683
brown_coal_17;9.536474164
brown_coal_18;9.141791045
brown_coal_19;5.752212389
brown_coal_20;12.51504212
brown_coal_21;18.31769204
brown_coal_22;23.35888037
brown_coal_23;21.50501672
brown_coal_25;6.777050443
brown_coal_26;4.343566297
brown_coal_27;4.677302393
brown_coal_29;25.51828119
brown_coal_31;3.984063745
brown_coal_32;8.362480127
brown_coal_34;13.49206349
brown_coal_36;17.22328244
brown_coal_37;7.544979687
brown_coal_38;12.24868543
brown_coal_39;12.62425447
brown_coal_40;14.97619919
brown_coal_41;33.39815265
brown_coal_42;25.50306212
brown_coal_43;26.36279643
brown_coal_44;43.97537379
brown_coal_45;36.80792891
brown_coal_46;34.97978047
brown_coal_47;53.2967033
brown_coal_48;40.80808081
brown_coal_50;40.24390244
brown_coal_51;37.26474279
brown_coal_52;18.59631148
brown_coal_53;43.07516215
brown_coal_54;19.79015919
brown_coal_55;26.15340254
brown_coal_56;19.26113041
brown_coal_57;36.06340819
brown_coal_58;41.62851537
brown_coal_59;39.06097163
brown_coal_60;37.53518924
brown_coal_61;38.59649123
brown_coal_62;44.11016949
brown_coal_64;45.58823529
brown_coal_65;48.22476073
brown_coal_67;47.3022912
brown_coal_68;45.99761051
brown_coal_69;31.74086138
brown_coal_70;11.11538462
brown_coal_71;33.92388451
brown_coal_72;16.04688763
brown_coal_74;18.65900383
brown_coal_75;8.074741408
brown_coal_77;7.591240876
brown_coal_78;45.59173948
brown_coal_79;20.58516196
brown_coal_80;36.00648036
sewage_82;9.63070239
sewage_83;20.48104956
sewage_84;7.439286812
sewage_85;5.423838909
sewage_86;17.04436642
sewage_87;15.34130894
sewage_88;11.17174038
sewage_89;16.18655693
sewage_90;13.3105802
sewage_91;19.64980545
sewage_93;32.87388008
sewage_94;34.4422043
sewage_95;19.50303381
sewage_97;37.66432284
sewage_98;45.22686025
sewage_99;38.49794888
sewage_100;15.97417181
sewage_101;23.89558233
sewage_102;26.34833391
sewage_103;50.46594982
sewage_104;26.90114068
sewage_105;40.77153309
sewage_106;31.12033195
sewage_107;25.82089552
sewage_108;25.20024646
sewage_109;61.55971753
sewage_111;40.55106319
sewage_112;44.67697907
sewage_113;47.58925285
sewage_114;47.49232344
sewage_115;51.11459969
sewage_117;46.75608235
sewage_118;44.68283582
sewage_119;36.70454545
sewage_120;33.18250377
sewage_121;39.07319642
sewage_122;40.80442125
sewage_123;42.69406393
sewage_124;47.36283186
sewage_125;44.04128871
sewage_126;50.51783659
sewage_127;51.94158646
sewage_128;50.46594982
sewage_129;51.94127243
sewage_130;48.37149307
sewage_131;51.76366843
sewage_132;52.60351317
sewage_133;54.7536433
sewage_134;55.74526996
sewage_135;57.90435577
sewage_137;8.79088785
sewage_138;11.96046129
sewage_139;15.45375471
sewage_140;10.42105263
sewage_141;19.7689769
sewage_142;12.11473909
sewage_143;34.55532926
sewage_145;46.70679887
sewage_146;29.85172982
sewage_147;37.57025508
sewage_148;28.53089533
sewage_149;35.5570161
sewage_150;38.10696692
sewage_151;23.26195365
sewage_152;44.65601966
sewage_153;22.73460174
sewage_154;23.64024173
sewage_155;23.53448276
sewage_156;39.59346001
sewage_157;41.7812142
sewage_159;56.02182123
sewage_160;47.2802024
brown_coal_161;43.22779244
brown_coal_162;21.22328666
brown_coal_163;17.219836
brown_coal_164;27.44776731
brown_coal_165;15.46890106
brown_coal_166;24.57741717
brown_coal_167;34.09812919
brown_coal_168;23.10456342
brown_coal_169;33.23657475
brown_coal_170;32.31748158
brown_coal_172;16.91729323
brown_coal_173;45.75438596
brown_coal_174;44.28857715
sewage_176;61.07806691
sewage_177;29.85924933
sewage_180;27.356463
sewage_182;53.46341463
sewage_183;55.04385965
sewage_184;49.28689884
sewage_186;46.3800905
brown_coal_188;25.18590365
brown_coal_189;35.77631122
brown_coal_190;19.58168049
brown_coal_191;40.86897488
brown_coal_192;26.81407661
brown_coal_193;28.28315183
brown_coal_194;38.2517049
brown_coal_196;32.26708075
brown_coal_197;42.47606019
brown_coal_198;33.27650869
brown_coal_199;19.90870787
brown_coal_200;26.51701157
brown_coal_201;35.63458856
sewage_203;36.95026716
sewage_204;19.79396615
sewage_205;34.08219178
sewage_206;38.26210826
sewage_209;29.26368785
sewage_210;33.23970037
sewage_211;45.15306122
sewage_212;34.80090644
sewage_213;52.82600665
sewage_214;35.12157468
sewage_215;23.68009997
sewage_216;45.34588917
sewage_217;30.15053763
sewage_218;35.00615764
sewage_219;45.01898919
sewage_220;47.50462107
sewage_221;48.36975994
sewage_222;49.36838511
sewage_223;47.36129905
sewage_224;48.84696017
sewage_225;45.34330387
sewage_226;49.49622166
sewage_227;43.46771749
sewage_228;42.35932591
sewage_229;25.37462537
sewage_230;29.45736434
sewage_231;48.84615385
sewage_232;44.289793
sewage_233;29.36235204
brown_coal_235;38.99138991
brown_coal_236;41.49521878
brown_coal_237;33.20509026
brown_coal_238;40.89793055
brown_coal_239;40.18249409
brown_coal_242;39.66745843
brown_coal_243;24.92125984
brown_coal_244;39.19379845
brown_coal_245;34.17721519
brown_coal_246;46.20915033
brown_coal_247;39.88679245
brown_coal_248;35.00208594
brown_coal_249;31.80547792
brown_coal_250;35.61964147
sewage_251;10.62271062
sewage_252;17.17724289
sewage_253;24.40604752
sewage_254;21.47398844
sewage_255;14.38797423
sewage_256;25.77077748
sewage_257;38.08174828
sewage_258;35.97091531
sewage_259;21.2295082
sewage_260;39.11796343
sewage_261;41.19579501
sewage_262;42.5077506
sewage_265;49.37432964
sewage_266;43.18671178
sewage_267;47.47715534
sewage_268;29.81557377
sewage_269;36.28255441
sewage_270;28.37028161
sewage_271;47.78510839
sewage_272;47.50610394
sewage_273;45.12396694
sewage_274;41.77436256
sewage_275;46.71437866
sewage_276;40.04931314
sewage_277;49.7456765
sewage_278;48.66482505
sewage_279;46.07082631
sewage_281;50.49216187
sewage_282;48.09395456
sewage_283;45.99474721
sewage_284;36.47320013
sewage_285;29.79942693
sewage_286;50.64680517
sewage_287;51.4232902
sewage_288;51.90023753
sewage_289;56.59246575
sewage_290;47.37055016
sewage_292;50.7252058
sewage_293;52.34899329
sewage_294;52.67821184
sewage_295;48.06048652
sewage_296;49.4933749
sewage_297;66.85779817
sewage_298;58.54322668
sewage_299;23.20627803
sewage_300;16.59856997
sewage_302;40.96345515
sewage_303;51.09926716
sewage_305;54.98748659
sewage_307;32.68085106
sewage_309;26.45682688
sewage_313;26.49507949
sewage_314;13.57098186
sewage_315;21.9116321
sewage_317;44.60719041
sewage_320;34.79966377
sewage_321;11.6272752
sewage_322;20.42976267
sewage_323;25.16129032
sewage_325;28.51128971
sewage_327;34.57408733
sewage_328;39.69654199
sewage_330;34.66476462
sewage_331;41.65671047
sewage_332;48.19318972
sewage_333;49.7412901
sewage_334;48.74826147
refuse_derived_1;33.33333333
refuse_derived_2;10.11904762
refuse_derived_5;25.46583851
refuse_derived_6;30.44086774
refuse_derived_7;30.92921838
refuse_derived_10;81.07266436
refuse_derived_11;13.1147541
refuse_derived_13;19.0023753
refuse_derived_14;48.74079814
refuse_derived_15;40.83181542
refuse_derived_17;16.57773035
refuse_derived_18;5.278380333
refuse_derived_19;7.727593507
refuse_derived_21;10.21922428
refuse_derived_22;13.17579663
refuse_derived_23;20.93182597
refuse_derived_24;37.88575181
refuse_derived_25;26.73267327
refuse_derived_26;36.2804878
refuse_derived_28;23.00653595
refuse_derived_29;8.099173554
refuse_derived_31;28.88811915
refuse_derived_32;56.31456181
refuse_derived_34;58.89303483
refuse_derived_35;51.6963386
refuse_derived_36;57.39565943
refuse_derived_37;44.59731544
refuse_derived_39;73.91608392
refuse_derived_40;23.06397306
refuse_derived_41;32.23318939
refuse_derived_42;57.52212389
refuse_derived_43;73.61921098
refuse_derived_44;52.81198003
refuse_derived_45;69.23349894
refuse_derived_46;78.95097703
refuse_derived_48;64.99194847
refuse_derived_49;78.08683853
refuse_derived_51;38.20924893
refuse_derived_52;43.48225214
refuse_derived_53;64.49250087
refuse_derived_54;78.94026325
refuse_derived_55;78.74622863
refuse_derived_62;70.19472362
refuse_derived_63;77.18901454
refuse_derived_64;76.25294316
refuse_derived_65;77.04318937
refuse_derived_68;48
refuse_derived_69;14.22092647
refuse_derived_71;19.1682911
refuse_derived_72;15.02890173
refuse_derived_74;78.99242674
refuse_derived_75;79.8245614
refuse_derived_76;78.30431979
refuse_derived_77;80.04477135
refuse_derived_80;81.73270651
refuse_derived_82;80.68965517
refuse_derived_83;82.75630252
refuse_derived_85;80.21978022
refuse_derived_86;78.43623953
refuse_derived_93;75.37638006
refuse_derived_94;76.58569501
refuse_derived_95;77.09656925
refuse_derived_101;76.92307692
refuse_derived_103;76.41638225
refuse_derived_104;73.87211944
refuse_derived_105;76.83423913
refuse_derived_106;75.30120482
refuse_derived_108;76.69871795
refuse_derived_109;76.19525242
refuse_derived_110;76.10469069
refuse_derived_111;76.83960665
refuse_derived_114;77.79599869
refuse_derived_117;25.63249001
refuse_derived_119;79.85468956
refuse_derived_121;42.26873734
refuse_derived_122;67.91898073
refuse_derived_125;76.61050545
refuse_derived_127;73.63150868
refuse_derived_128;76.14346825
refuse_derived_129;73.30663997
refuse_derived_131;36.39143731
refuse_derived_132;61.14586763
refuse_derived_133;58.50550964
refuse_derived_134;43.71941272
refuse_derived_135;21.55756208
refuse_derived_137;59.4457587
refuse_derived_138;63.2405892
refuse_derived_139;60.14271152
refuse_derived_141;74.01753816
refuse_derived_143;78.90493786
refuse_derived_144;60.37351443
refuse_derived_145;68.57518921
refuse_derived_146;75.59912854
refuse_derived_147;73.78826531
refuse_derived_148;37.5712848
refuse_derived_150;69.05785124
refuse_derived_151;41.8798151
refuse_derived_152;44.91525424
refuse_derived_154;61.93162961
refuse_derived_155;49.50787402
refuse_derived_172;39.6411093
refuse_derived_173;34.17762103
refuse_derived_175;66.01976006
refuse_derived_176;40.66342579
refuse_derived_178;63.00138313
refuse_derived_180;75.49755302
refuse_derived_181;64.49298989
refuse_derived_182;73.10704961
refuse_derived_192;70.05503399
refuse_derived_193;72.09672288
digestate_10;65.04559271
digestate_11;59.48810755
digestate_37;61.6399623
digestate_75;29.57034541
digestate_57;16.84378321
digestate_59;26.10459874
digestate_207;26.47283856
digestate_95;45.51956247
digestate_78;36.65137615
digestate_76;40.84784752
digestate_79;50.32653061
digestate_81;52.36180905
digestate_98;54.59459459
digestate_179;53.1496063
digestate_86;55.12630015
digestate_120;51.30310603
digestate_151;53.55583281
digestate_150;56.3304721
digestate_105;55.57387863
digestate_90;57.82312925
digestate_104;56.73758865
digestate_124;50.2173913
digestate_125;55.45556805
digestate_127;43.37899543
digestate_130;58.87096774
digestate_134;51.82807703
digestate_154;56.65733707
digestate_156;56.90064429
digestate_157;58.90965732
digestate_159;57.09541063
digestate_50;44.8800738
digestate_2;19.47751323
digestate_16;27.31067382
digestate_67;27.81222321
digestate_6;25.96407818
digestate_24;31.03197674
digestate_64;49.48905109
digestate_53;58.788774
digestate_23;48.56296296
digestate_175;53.92370572
digestate_176;56.33387889
digestate_25;57.55333043
digestate_22;57.25881262
digestate_92;56.79662803
digestate_136;56.34446397
digestate_160;45.47587131
digestate_161;56.49409628
digestate_140;61.88583815
digestate_143;61.65205353
digestate_145;56.27906977
digestate_147;50.41124967
digestate_148;54.35756114
digestate_149;57.83611774
digestate_165;58.71236387
digestate_166;54.29810726
digestate_167;55.77112792
digestate_168;80.29978587
digestate_169;50.70055393
digestate_171;50.64395513
digestate_200;18.42456609
digestate_196;19.34664247
digestate_197;22.43980738
digestate_182;52.1236727
digestate_198;24.20159681
digestate_199;51.62569389
digestate_183;58.70774497
digestate_185;61.94819409
digestate_201;37.30095541
digestate_186;58.64793679
digestate_187;55.43209877
digestate_189;41.1342155
digestate_192;53.04054054
digestate_193;46.19085806
digestate_194;51.79533214
digestate_203;52.30202578
digestate_204;51.02753005
digestate_205;49.07955293
digestate_177;57.85554728
digestate_144;57.28212703
wood_8;7.343499197
wood_10;8.267581475
wood_11;6.379821958
wood_12;4.096140826
wood_17;90.82840237
wood_18;88.86054422
wood_19;89.70317836
wood_20;88.00131492
wood_13;87.40490279
wood_14;86.03636364
wood_16;80.8398024
wood_21;86.57233612
wood_22;84.82925355
wood_23;86.23934137
wood_24;83.51717617
wood_25;83.10085837
wood_26;85.58327219
wood_27;85.64618644
wood_28;84.6359584
digestate_300;19.45348081
digestate_301;6.365313653
digestate_302;25.6490135
digestate_303;13.49458943
digestate_304;51.87946567
digestate_305;55.15818432
digestate_306;49.83783784
digestate_307;56.86956522
digestate_308;59.13940256
digestate_309;60.37463977
digestate_310;54.27760028
digestate_311;59.02040816
digestate_312;45.54772582
digestate_313;47.50702247
digestate_314;49.5970648
digestate_315;29.60251046
digestate_316;44.13863405
digestate_317;51.910299
digestate_318;54.51816271
digestate_319;47.84803401
digestate_320;39.76846058
digestate_321;56.38366818
digestate_322;59.97248968
_digestate_01;36.34933124
_digestate_04;65.78746177
_digestate_05;39.92687386
_digestate_57;45.40778839
_digestate_61;37.94832241
_digestate_66;52.60314342
_digestate_08;56.63967611
_digestate_10;65.40130152
_digestate_11;51.13829426
_digestate_68;46.14871624
_digestate_13;54.47203111
_digestate_15;50.3298409
_digestate_16;53.23935213
_digestate_19;47.46145167
_digestate_21;54.54898911
_digestate_22;51.42944974
_digestate_69;56.79455002
_digestate_23;54.19874038
_digestate_25;51.42419602
_digestate_26;54.59599703
_digestate_30;44.66840052
_digestate_31;44.28822496
_digestate_32;8.106508876
_digestate_74;49.57482993
_digestate_76;48.13664596
_digestate_77;52.71350442
_digestate_82;50.01655081
_digestate_34;51.31661442
_digestate_35;43.00451322
_digestate_36;45.08378122
_digestate_83;46.96917215
_digestate_85;46.79245283
_digestate_87;56.85455811
_digestate_37;48.23683065
_digestate_38;49.09769757
_digestate_40;39.7515528
_digestate_88;48.02750633
_digestate_89;50.16789792
_digestate_553;57.02142129
_digestate_555;50.50231839
_digestate_556;60.41934104
_digestate_559;49.52290076
_digestate_560;51.83382019
_digestate_561;52.59084791
_digestate_562;49.44237918
_digestate_564;52.13675214
_digestate_565;45.53855959
_digestate_568;38.03108808
_digestate_569;51.27413127
_digestate_570;53.8275026
_digestate_571;49.90238188
_digestate_572;49.22824302
_digestate_573;51.90677966
_digestate_574;48.8002594
_digestate_575;49.28172386
_digestate_576;50.29079713
_digestate_577;50.6044905
_digestate_578;49.28848642
_digestate_579;41.4017094
_digestate_580;50.14316392
_digestate_581;55.55947759
_digestate_90;53.28415876
_digestate_583;51.94508009
_digestate_584;53.13272877
_digestate_585;48.97070467
_digestate_586;53.94557823
_digestate_587;43.85454545
_digestate_588;53.50280816
_digestate_47;50.45772752
digestate_pe_97;9.983291562
digestate_pe_99;8.571428571
digestate_pe_100;15.76405657
digestate_pe_101;5.23465704
digestate_pe_102;35.19224108
digestate_pe_103;62.34652115
digestate_pe_105;84.8967152
digestate_pe_106;46.33230979
digestate_pe_148;63.70669358
digestate_pe_149;44.49712157
digestate_pe_107;61.71929825
digestate_pe_108;64.99473869
digestate_pe_110;68.84283247
digestate_pe_111;63.27150084
digestate_pe_114;65.89415427
digestate_pe_116;66.86103013
digestate_pe_117;64.8324515
digestate_pe_144;63.29699372
digestate_pe_145;60.4338843
digestate_pe_147;60.78363384
digestate_pe_119;9.50752394
digestate_pe_120;8.344504021
digestate_pe_121;5.250514756
digestate_pe_468;8.278145695
digestate_pe_490;13.93918688
digestate_pe_491;6.245710364
digestate_pe_124;54.20435511
digestate_pe_125;43.55628059
digestate_pe_126;32.51121076
digestate_pe_128;32.66513309
digestate_pe_129;79.28300586
digestate_pe_130;77.04216074
digestate_pe_131;76.90500168
digestate_pe_132;76.31406045
digestate_pe_134;73.94789579
digestate_pe_137;72.5541694
digestate_pe_138;75.35353535
digestate_pe_142;69.24836601
digestate_pe_151;80.06198347
digestate_pe_154;70.0136612
digestate_pe_155;62.27242077
digestate_pe_156;63.19229446
digestate_pe_157;63.97212544
digestate_pe_158;66.00899965
digestate_pe_159;64.46337308
digestate_pe_160;65.80869565
digestate_pe_161;63.45829112
digestate_pe_162;64.97025777
digestate_pe_163;66.0685155
digestate_pe_164;63.0268835
digestate_pe_166;59.39103661
digestate_pe_168;63.73779637
digestate_pe_169;61.66035136
digestate_pe_175;46.65079905
digestate_pe_170;55.42582418
digestate_pe_171;48.44505874
digestate_pe_172;53.51733423
digestate_pe_173;48.03821221
digestate_pe_391;66.08579088
digestate_pe_392;62.77966102
digestate_pe_393;64.21832884
digestate_pe_394;48.1042654
digestate_pe_395;44.92850017
digestate_pe_397;40.61210454
digestate_pe_399;52.66734625
digestate_pe_401;32.65444671
digestate_pe_402;31.45491803
digestate_pe_476;59.27041499
digestate_pe_477;38.30006882
digestate_pe_403;37.10057181
digestate_pe_404;25.11179911
digestate_pe_406;51.20357634
digestate_pe_479;42.06349206
digestate_pe_480;35.47940464
digestate_pe_408;36.5259183
digestate_pe_409;35.73825503
digestate_pe_410;8.372721134
digestate_pe_481;20.65466448
digestate_pe_482;34.95016611
digestate_pe_411;46.65523156
digestate_pe_412;52.54755435
digestate_pe_414;34.64052288
digestate_pe_469;49.74874372
digestate_pe_415;20.76710435
digestate_pe_416;33.64421416
digestate_pe_417;17.10254646
digestate_pe_470;31.15044248
digestate_pe_418;16.26630062
digestate_pe_420;30.38635573
digestate_pe_436;30.92465753
digestate_pe_471;13.44683808
digestate_pe_472;24.81151474
digestate_pe_438;18.41831426
digestate_pe_439;17.78235496
digestate_pe_440;30.5401662
digestate_pe_441;22.54196643
digestate_pe_444;9.778085992
digestate_pe_473;11.15716753
digestate_pe_474;13.06584362
digestate_pe_475;17.99724708
digestate_pe_176;73.47550816
digestate_pe_178;76.4627215
digestate_pe_179;75.52377785
digestate_pe_180;55.18303113
digestate_pe_181;69.68371467
digestate_pe_182;56.01673102
digestate_pe_183;73.33333333
digestate_pe_495;68.70382807
digestate_pe_184;71.96721311
digestate_pe_185;57.43967828
digestate_pe_186;73.51387054
digestate_pe_187;55.40081522
digestate_pe_496;41.00375555
digestate_pe_497;71.60027473
digestate_pe_188;42.7027027
digestate_pe_189;48.99585591
digestate_pe_190;57.61163735
digestate_pe_191;50.73529412
digestate_pe_192;23.71329334
digestate_pe_193;31.49779736
digestate_pe_194;32.83683142
digestate_pe_195;31.06231837
digestate_pe_196;75.54071247
digestate_pe_197;78.45106935
digestate_pe_198;77.6797829
digestate_pe_421;34.54363757
digestate_pe_422;34.10745234
digestate_pe_423;44.21326398
digestate_pe_424;21.19972733
digestate_pe_426;25.87296309
digestate_pe_428;29.13174656
digestate_pe_429;16.56824147
digestate_pe_430;18.91341256
digestate_pe_431;18.96955504
digestate_pe_445;52.74463007
digestate_pe_492;17.72711807
digestate_pe_493;26.62359742
digestate_pe_494;13.57854933
digestate_pe_449;31.26731302
digestate_pe_450;40.04113816
digestate_pe_451;41.08710331
digestate_pe_452;15.77710641
digestate_pe_453;29.00538951
digestate_pe_454;23.92904953
digestate_pe_455;12.45266206
digestate_pe_457;26.15069894
digestate_pe_458;18.60703312
digestate_pe_459;12.47897746
digestate_pe_460;6.82360969
digestate_pe_461;9.3708166
digestate_pe_462;15.67114094
digestate_pe_463;15.81122976
digestate_pe_464;9.109518936
digestate_pe_465;16.58362989
digestate_pe_466;6.407702523
digestate_pe_467;7.874794069
digestate_pe_483;66.0130719
digestate_pe_485;65.86195172
digestate_pe_486;66.75967911
digestate_pe_488;61.57485637
digestate_pe_505;64.21670117
digestate_pe_507;64.52282158
digestate_pe_508;65.20706042
digestate_pe_510;65.38324421
digestate_pe_511;64.2461964
digestate_pe_498;76.67452036
digestate_pe_501;76.78207739
digestate_pe_502;76.55615697
digestate_pe_503;76.15983745
digestate_pe_504;77.01381867
digestate_pe_515;77.47102931
digestate_pe_516;78.98230088
digestate_pe_517;74.97442891
digestate_pe_518;77.81866845
digestate_pp_199;25.22639069
digestate_pp_200;13.35361731
digestate_pp_201;19.00996906
digestate_pp_202;22.22955145
digestate_pp_203;31.79786868
digestate_pp_258;18.75626881
digestate_pp_205;68.60266484
digestate_pp_206;62.98476454
digestate_pp_207;66.37016764
digestate_pp_209;69.96300034
digestate_pp_210;69.0206529
digestate_pp_211;68.68756459
digestate_pp_212;64.62008141
digestate_pp_213;71.55870445
digestate_pp_214;66.27787307
digestate_pp_257;64.46717255
digestate_pp_216;66.52056642
digestate_pp_217;60.90632398
digestate_pp_218;55.69956796
digestate_pp_219;59.49966193
digestate_pp_377;58.61828332
digestate_pp_231;14.14107324
digestate_pp_233;9.329740653
digestate_pp_234;11.35615537
digestate_pp_235;52.8836425
digestate_pp_236;78.06901128
digestate_pp_237;73.87188388
digestate_pp_277;64.8118366
digestate_pp_389;55.38309115
digestate_pp_390;72.33459033
digestate_pp_238;76.0026738
digestate_pp_239;79.47686117
digestate_pp_240;69.99334664
digestate_pp_386;78.17933856
digestate_pp_387;77.52659574
digestate_pp_241;71.30774236
digestate_pp_242;70.72158365
digestate_pp_243;73.65951743
digestate_pp_244;72.18298015
digestate_pp_245;73.16239316
digestate_pp_246;69.72138301
digestate_pp_380;67.85946649
digestate_pp_220;68.45706466
digestate_pp_221;68.02286483
digestate_pp_223;66.25215889
digestate_pp_224;66.9122572
digestate_pp_225;64.7243545
digestate_pp_227;62.47014671
digestate_pp_228;65.46143251
digestate_pp_229;51.99864499
digestate_pp_230;61.2745098
digestate_pp_361;62.50840619
digestate_pp_248;73.73164219
digestate_pp_249;56.63893511
digestate_pp_250;63.86743887
digestate_pp_362;64.76253736
digestate_pp_363;48.77889938
digestate_pp_251;57.376502
digestate_pp_253;56.70209119
digestate_pp_254;52.50333778
digestate_pp_278;61.96799455
digestate_pp_279;67.17896175
digestate_pp_280;65.24941413
digestate_pp_281;64.44954128
digestate_pp_282;62.71637816
digestate_pp_283;59.44791324
digestate_pp_285;67.04350805
digestate_pp_286;68.55218855
digestate_pp_287;66.87785991
digestate_pp_288;58.84136073
digestate_pp_289;61.09215017
digestate_pp_291;51.61734343
digestate_pp_292;58.17749065
digestate_pp_366;63.8484951
digestate_pp_293;57.34385724
digestate_pp_294;49.0797546
digestate_pp_295;51.84419166
digestate_pp_296;49.22349764
digestate_pp_297;37.97425474
digestate_pp_298;30.14338113
digestate_pp_301;32.32189974
digestate_pp_302;40.8985025
digestate_pp_303;32.96413502
digestate_pp_304;51.40891219
digestate_pp_305;50.47965597
digestate_pp_369;52.5967236
digestate_pp_370;38.55172414
digestate_pp_306;36.87752355
digestate_pp_307;39.23233696
digestate_pp_308;44.98316498
digestate_pp_371;37.06269484
digestate_pp_372;17.85589976
digestate_pp_309;37.90349418
digestate_pp_310;40.42276423
digestate_pp_311;31.1591754
digestate_pp_526;36.83492497
digestate_pp_312;27.54729505
digestate_pp_313;33.37815126
digestate_pp_314;27.20714531
digestate_pp_373;21.52027027
digestate_pp_374;21.50463758
digestate_pp_315;17.14092141
digestate_pp_317;30.24457458
digestate_pp_527;40.20373514
digestate_pp_528;19.94469409
digestate_pp_259;74.62328767
digestate_pp_260;73.75707992
digestate_pp_261;73.87205387
digestate_pp_262;76.54028436
digestate_pp_263;75.22965879
digestate_pp_265;76.56776804
digestate_pp_266;71.95820694
digestate_pp_267;73.53324641
digestate_pp_268;75.44483986
digestate_pp_269;73.14690027
digestate_pp_270;52.01131364
digestate_pp_271;61.84124919
digestate_pp_272;64.6514701
digestate_pp_381;41.49682593
digestate_pp_382;64.20551208
digestate_pp_273;30.66307641
digestate_pp_275;48.24532634
digestate_pp_276;34.30586727
digestate_pp_383;35.96702164
digestate_pp_384;20.04781421
digestate_pp_318;74.3818002
digestate_pp_319;75.12537613
digestate_pp_320;75.57944239
digestate_pp_321;63.88518024
digestate_pp_322;71.16874368
digestate_pp_323;33.52215928
digestate_pp_324;58.5052418
digestate_pp_325;73.63069859
digestate_pp_326;49.01764902
digestate_pp_327;51.84210526
digestate_pp_328;57.43676223
digestate_pp_329;46.70698925
digestate_pp_330;59.53155498
digestate_pp_331;43.05328539
digestate_pp_332;38.51056692
digestate_pp_333;50.17759122
digestate_pp_334;20.86588542
digestate_pp_335;18.2063385
digestate_pp_336;16.21346023
digestate_pp_337;53.74015748
digestate_pp_338;61.31949096
digestate_pp_339;68.0705191
digestate_pp_340;23.49437459
digestate_pp_341;28.71519624
digestate_pp_342;19.23204237
digestate_pp_343;41.16649712
digestate_pp_344;22.43116185
digestate_pp_345;30.13654096
digestate_pp_346;29.99311295
digestate_pp_348;16.21257989
digestate_pp_351;27.16049383
digestate_pp_352;5.190428042
digestate_pp_353;13.65131579
digestate_pp_354;10.88235294
digestate_pp_355;9.635416667
digestate_pp_356;13.95888594
digestate_pp_357;9.051866535
digestate_pp_358;14.80769231
digestate_pp_359;1.457725948
digestate_pp_360;8.073929961
digestate_pp_530;64.75213675
digestate_pp_531;67.07566462
digestate_pp_532;62.96551724
digestate_pp_533;63.41961853
digestate_pp_534;64.77312089
digestate_pp_535;64.47187929
digestate_pp_536;64.91893756
digestate_pp_537;65.93901594
digestate_pp_538;65.18441917
digestate_pp_543;75.48387097
digestate_pp_544;74.08747123
digestate_pp_545;76.17932419
digestate_pp_546;74.80079681
digestate_pp_547;74.97546614
digestate_pp_548;74.88911634
digestate_pp_551;75.2989409
digestate_pp_552;74.48207826
digestate_pp_592;75.62940584
dgst_car_2;8.680555556
dgst_car_3;20.73170732
dgst_car_4;19.51646811
dgst_car_233;15.30722242
dgst_car_229;31.63265306
dgst_car_230;32.92285404
dgst_car_231;38.84892086
dgst_car_5;59.07681709
dgst_car_6;68.04524567
dgst_car_7;31.63583455
dgst_car_232;57.33482643
dgst_car_269;63.44730349
dgst_car_8;60.16671628
dgst_car_10;68.63387978
dgst_car_11;63.43930636
dgst_car_12;65.7694962
dgst_car_14;68.94664843
dgst_car_15;64.79972845
dgst_car_16;63.19040698
dgst_car_18;70.86844998
dgst_car_19;70.54293415
dgst_car_33;44.00424478
dgst_car_35;28.29250976
dgst_car_37;45.42349727
dgst_car_78;60.92770581
dgst_car_235;61.11111111
dgst_car_300;45.51460362
dgst_car_29;24.188589
dgst_car_30;21.86692506
dgst_car_31;21.53793807
dgst_car_26;26.15332429
dgst_car_27;11.22015047
dgst_car_28;15.57788945
dgst_car_236;23.7199582
dgst_car_282;53.29403606
dgst_car_298;24.76290832
dgst_car_23;20.93587522
dgst_car_24;14.40208537
dgst_car_25;21.17364447
dgst_car_271;21.70868347
dgst_car_296;43.69175627
dgst_car_297;16.22980251
dgst_car_20;27.32408834
dgst_car_21;14.60711887
dgst_car_22;22.79757902
dgst_car_234;17.06128134
dgst_car_308;16.90838345
dgst_car_58;68.40324763
dgst_car_59;72.99930411
dgst_car_60;68.67176634
dgst_car_55;49.05731523
dgst_car_56;64.69960896
dgst_car_57;55.22286492
dgst_car_272;58.8
dgst_car_273;49.6051687
dgst_car_45;47.02898551
dgst_car_52;43.82651277
dgst_car_54;36.09892302
dgst_car_241;69.04846127
dgst_car_294;51.23849965
dgst_car_309;37.65453903
dgst_car_42;38.33390944
dgst_car_44;25.40336423
dgst_car_51;52.55342267
dgst_car_238;46.73913043
dgst_car_239;37.34600493
dgst_car_292;20.23512647
dgst_car_307;36.26696003
dgst_car_38;27.36950549
dgst_car_39;30.16556291
dgst_car_40;31.36330674
dgst_car_250;65.60396741
dgst_car_254;60.78639745
dgst_car_257;59.01295065
dgst_car_276;62.8650904
dgst_car_263;68.87847097
dgst_car_264;69.48798328
dgst_car_265;65.93682699
dgst_car_278;57.18771807
dgst_car_266;68.4730743
dgst_car_267;65.64589933
dgst_car_268;66.77204074
dgst_car_279;68.72652783
dgst_car_77;64.12508784
dgst_car_79;63.18373072
dgst_car_80;68.42105263
dgst_car_72;46.28472222
dgst_car_73;66.3585209
dgst_car_76;54.20887181
dgst_car_244;67.98351082
dgst_car_246;63.67791842
dgst_car_69;60.64735945
dgst_car_70;52.4033249
dgst_car_71;65.67220544
dgst_car_291;70.63621533
dgst_car_310;43.62268881
dgst_car_65;52.33449477
dgst_car_66;57.36462094
dgst_car_67;49.84477406
dgst_car_61;37.56805808
dgst_car_62;39.82855259
dgst_car_63;57.17958134
dgst_car_243;35.20084567
dgst_car_81;60.25190393
dgst_car_84;45.71428571
dgst_car_85;68.27464789
dgst_car_86;65.62609611
dgst_car_87;65.52706553
dgst_car_88;62.83737024
dgst_car_89;66.90846287
dgst_car_91;41.83492738
dgst_car_92;23.94247039
dgst_car_94;17.43976987
dgst_car_190;40.90750436
dgst_car_191;30.94805667
dgst_car_211;33.2962551
dgst_car_226;52.9675252
dgst_car_227;49.80650155
dgst_car_284;43.53869271
dgst_car_289;45.16246805
dgst_car_96;51.59954836
dgst_car_97;55.93466425
dgst_car_98;51.30777499
dgst_car_101;59.5159516
dgst_car_171;61.26192223
dgst_car_173;59.24501922
dgst_car_174;54.82638889
dgst_car_175;57.69660827
dgst_car_176;63.72869061
dgst_car_220;68.81553398
dgst_car_288;66.99438202
dgst_car_302;58.04516584
dgst_car_178;61.06290672
dgst_car_184;54.05890805
dgst_car_186;59.22087205
dgst_car_303;56.87612208
dgst_car_304;59.56225332
dgst_car_129;64.36781609
dgst_car_130;50.17946877
dgst_car_131;51.68260716
dgst_car_217;48.98684678
dgst_car_124;39.92395437
dgst_car_126;47.8150957
dgst_car_127;25.95870206
dgst_car_216;48.54998294
dgst_car_301;42.57285004
dgst_car_115;33.98133748
dgst_car_117;31.99306759
dgst_car_118;32.33404711
dgst_car_112;27.69835597
dgst_car_113;26.12646725
dgst_car_114;32.03096203
dgst_car_107;34.37381043
dgst_car_109;22.60714286
dgst_car_111;41.26815445
dgst_car_192;34.22867514
dgst_car_195;50.62927005
dgst_car_196;27.06009356
dgst_car_215;37.57022472
dgst_car_222;30.89725036
dgst_car_148;60.63281825
dgst_car_150;62.83412669
dgst_car_151;57.90807094
dgst_car_218;63.5975136
dgst_car_144;49.54792043
dgst_car_145;62.90025764
dgst_car_146;53.52941176
dgst_car_219;57.78571429
dgst_car_139;60.38890889
dgst_car_141;53.68196371
dgst_car_142;50.16123253
dgst_car_136;51.91045928
dgst_car_137;44.37847866
dgst_car_138;52.60999254
dgst_car_132;43.76590331
dgst_car_133;45.12727273
dgst_car_135;34.91827637
dgst_car_305;45.90665647
dgst_car_198;55.87599135
dgst_car_199;41.82132067
dgst_car_202;59.66595593
dgst_car_285;61.54696133
dgst_car_203;55.46676353
dgst_car_204;57.72357724
dgst_car_207;58.13704497
dgst_car_208;51.22845618
dgst_car_209;61.67103784
dgst_car_210;60.20625889
dgst_car_290;58.92789732
dgst_car_168;61.53276564
dgst_car_169;58.8647254
dgst_car_170;61.67883212
dgst_car_162;62.6337145
dgst_car_164;59.73342687
dgst_car_166;64.48187477
dgst_car_159;60.47186933
dgst_car_160;62.94691224
dgst_car_161;58.33962264
dgst_car_156;53.5412844
dgst_car_157;56.51060717
dgst_car_158;53.96711937
dgst_car_153;49.19441461
dgst_car_154;44.23420207
dgst_car_155;50.97332372
dgst_car_221;42.17228464
dgst_car_306;58.08318264
wood_1;27.31938413
wood_3;16.68536175
wood_18;7.528641571
wood_59;7.345264728
wood_60;8.343409915
wood_106;8.225878168
wood_107;7.976519337
wood_108;3.871201158
wood_5;40.82256968
wood_7;63.71548619
wood_21;46.23928911
wood_61;36.77498972
wood_62;49.7212932
wood_109;19.10293643
wood_110;29.66994382
wood_111;31.15696888
wood_8;87.71708241
wood_9;87.29913473
wood_22;73.47285068
wood_27;81.01265823
wood_28;89.07649897
wood_69;85.59847401
wood_70;76.43825577
wood_71;71.60392799
wood_72;76.82232346
wood_10;88.47300431
wood_11;89.58837772
wood_23;91.40939597
wood_29;90.87826382
wood_30;89.45299705
wood_31;84.27184466
wood_14;91.71012901
wood_16;90.5147953
wood_25;91.17276166
wood_63;85.7106274
wood_64;90
wood_8;87.71708241
wood_9;87.29913473
wood_22;73.47285068
wood_27;81.01265823
wood_28;89.07649897
wood_69;85.59847401
wood_70;76.43825577
wood_71;71.60392799
wood_72;76.82232346
wood_41;88.95825205
wood_42;95.18304432
wood_43;80.43360434
wood_65;57.84053156
wood_66;80.01461454
wood_121;48.95981761
wood_38;85.63894523
wood_39;80.89092423
wood_40;87.51515152
wood_35;87.40471869
wood_36;76.8666492
wood_37;84.98074454
wood_125;50.24092515
wood_113;30.13977868
wood_114;85.82494191
wood_115;39.79446189
wood_117;77.74674115
wood_138;69.70728387
wood_139;75.57830868
wood_140;83.63759297
wood_120;67.35466116
wood_122;60.87570621
wood_123;57.37415366
wood_124;80.16924209
wood_141;77.50190985
wood_142;71.23519459
wood_143;74.8564868
wood_144;61.04629281
wood_145;68.46275753
wood_146;66.77237491
wood_44;54.65425532
wood_45;33.67501898
wood_46;56.13004309
wood_48;25.46666667
wood_103;44.04201376
wood_5;40.82256968
wood_7;63.71548619
wood_21;46.23928911
wood_61;36.77498972
wood_62;49.7212932
wood_109;19.10293643
wood_110;29.66994382
wood_111;31.15696888
wood_126;17.92366412
wood_127;30.66624163
wood_128;19.55571741
wood_137;42.64947888
wood_148;44.36008677
wood_150;37.98737468
wood_151;59.6107056
wood_49;60.13129103
wood_50;34.82384824
wood_51;61.51046406
wood_58;52.23188406
wood_52;83.1020989
wood_53;72.14673913
wood_54;82.9108749
wood_55;82.7776167
wood_56;82.34200743
wood_57;75.0974279
wood_73;52.47933884
wood_75;43.84353741
wood_76;32.42074928
wood_88;30.79621186
wood_69;85.59847401
wood_70;76.43825577
wood_71;71.60392799
wood_72;76.82232346
wood_129;83.46560847
wood_131;69.59821429
wood_132;86.64317745
wood_152;89.08745247
wood_153;87.19903692
wood_78;86.88111888
wood_79;78.15767166
wood_81;86.47500817
wood_82;86.53241032
wood_83;73.91058291
wood_84;85.46234509
wood_85;79.16343919
wood_86;87.5928353
wood_87;86.12132353
wood_90;87.39164697
wood_91;57.84700315
wood_92;56.99737188
wood_104;78.26086957
wood_154;84.21211208
wood_155;88.8803974
wood_156;64.53427065
wood_10;88.47300431
wood_11;89.58837772
wood_23;91.40939597
wood_29;90.87826382
wood_30;89.45299705
wood_31;84.27184466
wood_133;87.90153107
wood_134;89.22787194
wood_135;86.11111111
wood_136;90.32258065
wood_93;88.07508281
wood_95;88.83841661
wood_96;88.88446215
wood_105;89.43211734
wood_97;88.33426809
wood_98;89.74609375
wood_99;89.82112436
wood_100;90.33398821
wood_101;88.73754153
wood_102;89.49829932
swg_1;57.09077652
swg_2;58.6627141
swg_3;66.17511521
swg_4;51.05154639
swg_5;50.4590985
swg_6;65.49594751
swg_7;55.65345081
swg_8;55.73896353
swg_9;42.08194906
swg_10;45.48245614
swg_11;62.71317829
swg_12;61.7320947
swg_13;53.47593583
swg_14;58.50018202
swg_15;62.34939759
swg_16;63.99380805
swg_17;58.28220859
swg_18;57.27833096
swg_19;68.16027574
swg_20;61.44622093
swg_21;59.84192699
swg_22;55.6557377
swg_23;67.95240049
swg_24;61.74190606
swg_25;64.56233422
swg_26;59.75705329
swg_27;60.07053292
dgst_1;53.5840708
dgst_2;48.14814815
dgst_3;68.76310273
dgst_4;52.60952381
dgst_5;53.0058651
dgst_6;49.58415842
dgst_7;54.09401061
dgst_8;44.77557027
dgst_9;51.88319932
dgst_10;50.2811245
dgst_11;66.5601023
dgst_12;45.56765163
dgst_13;50.88362788
dgst_14;53.4428795
dgst_15;51.43293848
dgst_16;50.53033517
dgst_17;63.39477068
dgst_18;58.5199241
dgst_19;54.09276944
dgst_20;43.78200439
dgst_21;59.79955457
dgst_22;52.68771331
dgst_23;68.50220264
dgst_24;50.34588778
dgst_25;60.96693921
dgst_26;58.52002716
dgst_27;64.01757188
dgst_28;35.67467652
wd_1;81.6091954
wd_2;85.27881041
wd_3;82.21153846
wd_4;83.23529412
wd_5;84.05940594
wd_6;85.5122456
wd_7;82.63779528
wd_8;84.96079829
wd_9;85.92702904
wd_10;80.3253292
wd_11;87.01201201
wd_12;85.92743303
wd_13;83.81728045
wd_14;84.64063013
wd_15;85.08324839
wd_16;85.34129056
wd_17;84.93415957
wd_18;82.690338
wd_19;83.4904014
wd_20;88.64265928
wd_21;88.68384401
wd_22;89.04958678
bcoal_1;68.59770115
bcoal_2;70.2074392
bcoal_3;67.432531
bcoal_4;66.56225529
bcoal_5;72.72012579
bcoal_6;60.7195301
bcoal_7;64.56211813
bcoal_8;64.08450704
bcoal_9;59.82547993
bcoal_10;65.79159935
bcoal_11;64.79514416
bcoal_12;82.19078709
bcoal_13;64.98283472
bcoal_14;56.0666138
bcoal_15;54.25373134
bcoal_16;61.1492817
bcoal_17;61.79867987
bcoal_18;77.52075919
bcoal_19;63.5451505
bcoal_20;55.15813253
bcoal_21;62.89782245
bcoal_22;71.21212121
swg_28;46.88156973
swg_29;61.01459347
swg_30;54.75285171
swg_31;55.87406015
swg_32;59.15841584
swg_33;59.8467433
swg_34;62.47334755
swg_35;66.37200737
swg_36;56.85997171
swg_37;57.3088685
dgst_29;54.80885312
dgst_30;51.64952111
dgst_31;54.86284289
dgst_32;40.47527788
dgst_33;54.29510892
dgst_34;57.12525667
dgst_35;66.38027643
dgst_36;74.94052339
dgst_37;53.26308634
wd_23;77.1602725
wd_24;76.20103474
wd_25;87.37566947
wd_26;85.40393754
wd_27;84.20878758
wd_28;86.05817452
wd_29;89.04466906
wd_30;81.14832536
wd_31;63.18974724
bcoal_22;46.56997256
bcoal_23;44.00852878
bcoal_24;41.19507909
bcoal_25;60
bcoal_26;50.08970219
bcoal_27;62.02691337
bcoal_28;75.85644372
bcoal_29;70.86183311
bcoal_30;47.32109404
htc_1;17.42738589
htc_9;11.27704968
htc_15;16.38418079
htc_96;6.785137318
htc_152;2.87856072
htc_3;8.272425249
htc_10;22.73730684
htc_16;13.39931481
htc_137;40.06550218
htc_153;15.77335375
htc_4;38.48987109
htc_11;46.64668415
htc_17;12.11519364
htc_138;54.99792617
htc_6;49.02642559
htc_12;56.3740458
htc_19;50.35490605
htc_7;63.63636364
htc_13;66.45230439
htc_20;63.14237574
htc_154;51.19544592
htc_140;54.62962963
htc_8;58.82168599
htc_14;63.38734568
htc_22;60.80198943
htc_21;33.54783355
htc_23;38.99521531
htc_24;30.52064632
htc_26;41.66358595
htc_30;27.76014109
htc_32;35.63730955
htc_138;54.99792617
htc_33;40.47143428
htc_35;43.41111874
htc_38;52.43309002
htc_39;46.7282216
htc_40;44.06887755
htc_41;42.94158554
htc_42;52.31572081
htc_43;39.11538462
htc_44;50.21380574
htc_45;53.74432678
htc_49;40.4866509
htc_50;21.7723453
htc_51;38.57418112
htc_52;51.56732892
htc_53;31.96268141
htc_54;24.46308725
htc_55;42.54401725
htc_56;44.54992968
htc_57;43.91025641
htc_58;49.60480556
htc_59;49.32806324
htc_60;60.27966742
htc_61;49.37946596
htc_62;56.252497
htc_63;48.6115993
htc_64;56.17932149
htc_37;56.19314206
htc_45;64.27613941
htc_65;53.88513514
htc_67;59.80784628
htc_69;61.29032258
htc_70;61.41732283
htc_71;55.04686373
htc_72;48.15316842
htc_140;54.62962963
htc_73;60.13704152
htc_74;56.47442873
htc_75;65.86990596
htc_76;58.69659042
htc_77;60.07874016
htc_78;55.17970402
htc_79;59.30279692
htc_80;57.87166202
htc_81;59.58405546
htc_92;56.69291339
htc_93;45.89552239
htc_95;40.46846847
htc_82;51.709062
htc_83;45.29987239
htc_84;39.14944356
htc_85;36.65510453
htc_86;41.13573407
htc_87;36.10108303
htc_89;55.50493546
htc_90;26.24572081
htc_91;38.13260102
htc_99;47.44756628
htc_100;56.11992945
htc_101;62.45136187
htc_102;61.75373134
htc_113;61.03760446
htc_102;59.78306216
htc_103;59.44912012
htc_104;60.90941135
htc_105;62.82853567
htc_106;63.13504125
htc_107;64.52371619
htc_109;64.15574964
htc_110;62.20722509
htc_111;53.66101695
htc_113;61.03760446
htc_125;63.01835486
htc_126;56.50015513
htc_127;54.79641132
htc_128;54.87437186
htc_129;55.47394194
htc_130;57.50577367
htc_131;57.89295393
htc_132;60.85657371
htc_133;55.19031142
htc_134;63.40355225
htc_134;55.8477237
htc_135;59.95836225
htc_136;59.15441176
htc_137;40.06550218
htc_138;54.99792617
htc_140;54.62962963
htc_141;53.19778189
htc_142;53.74432678
htc_143;59.24396442
htc_144;58.8627451
htc_145;52.73905997
htc_146;52.4573022
htc_147;58.86262925
htc_148;55.05952381
htc_149;61.75373134
htc_150;63.40355225
htc_152;2.87856072
htc_153;15.77335375
htc_154;51.19544592
htc_155;46.2915601
htc_156;59.79880775
cel_18;2.018886356
cel_19;2.324709411
cel_20;-0.819952169
cel_61;1.437165775
cel_21;74.81890307
cel_22;10.39046989
cel_23;10.83743842
cel_24;-2.87198289
cel_27;48.48163842
cel_28;71.3909031
cel_29;64.90949508
cel_60;64.57399103
cel_30;92.6286509
cel_31;72.55563048
cel_32;99.75694444
cel_62;66.83333333
cel_33;91.15107914
cel_34;81.63196776
cel_35;96.28112197
cel_36;90.6229069
cel_37;95.57171183
cel_38;65.37785589
cel_39;89.07230109
cel_40;72.87804878
cel_41;67.85252264
cel_42;83.86299435
cel_58;54.80673935
cel_43;76.59713168
cel_44;68.03413193
cel_45;80.62385321
cel_46;84.17742469
cel_47;69.99311769
cel_48;86.15942029
cel_57;82.62362637
cel_50;89.74017322
cel_51;87.01206529
cel_55;75.57278816
cel_52;94.55848811
cel_53;65.81703911
cel_54;95.28936743
cel_56;98.33276625
hc_1;1.415701416
hc_3;1.818794207
hc_4;0.606673407
hc_5;60.13179572
hc_6;4.085945756
hc_7;1.166781057
hc_8;79.83641536
hc_9;79.66991748
hc_10;65.69832402
hc_14;57.40402194
hc_15;68.4119876
hc_16;81.97300771
hc_17;85.76335878
hc_18;76.04812249
hc_19;85.51532033
hc_20;79.49132015
hc_21;83.19830926
hc_24;74.24071991
hc_25;54.59940653
hc_26;62.52078484
hc_28;63.29025498
hc_29;50.15873016
hc_30;83.02373581
hc_31;73.73428474
hc_32;62.81163435
hc_33;90.15918958
hc_34;81.57711096
hc_35;72.68468468
hc_36;87.75216138
hc_37;95.93234554
hc_38;86.38497653
hc_39;90.17857143
hc_41;93.13123561
hc_42;65.30753283
hc_43;74.5656706
hc_45;73.02100162
hc_46;8.358817533
hc_47;94.5315105
hc_49;83.77253814
hc_53;85.27586207
hc_54;90.64998262
hc_56;11.94590533
hc_57;89.56459158
hc_58;75.91751136
lig_1;1.797079745
lig_2;2.04629319
lig_3;1.983584131
lig_4;24.90733877
lig_5;12.22537208
lig_6;13.01564723
lig_7;45.14075067
lig_8;46.55297533
lig_9;64.97813411
lig_10;61.15998697
lig_11;26.03670972
lig_12;1.977211796
lig_14;56.62487292
lig_15;67.15087488
lig_16;51.3229308
lig_17;66.24639769
lig_19;70.69767442
lig_20;70.8
lig_21;58.3964212
lig_23;66.46586345
lig_24;69.45169713
lig_25;23.97431324
lig_26;10.45226131
lig_27;28.71392946
lig_28;14.19198895
lig_29;33.63860514
lig_30;36.77188415
lig_31;70.90779128
lig_32;50.12363123
lig_33;46.4344942
lig_35;28.22853279
lig_36;50.5850886
lig_37;41.07458466
lig_38;26.97706265
lig_39;33.26164875
lig_40;45.6078707
lig_41;49.10242872
lig_42;13.98031897
lig_43;31.45390071
lig_44;43.12668464
lig_45;36.83864607
lig_46;10.34996277
lig_47;18.71584699
lig_48;29.62093257
ebs2_2;76.58227848
ebs2_3;73.35271318
ebs2_4;73.8451529
ebs2_6;72.4038807
ebs2_7;68.54460094
ebs2_8;71.68531706
ebs2_9;76.83997299
ebs2_11;66.42995481
ebs2_18;77.66295707
ebs2_19;77.31748727
ebs2_21;74.59926017
ebs2_23;77.02060222
ebs2_30;76.66974454
ebs2_33;72.74241919
ebs2_34;74.87615004
ebs2_35;71.28869236
ebs2_37;78.89747191
ebs2_40;-20.53771471
ebs2_47;77.93724967
ebs2_48;74.55974843
ebs2_50;67.03891709
ebs2_51;79.76956964
ebs2_52;70.59593975
ebs2_54;58.36142953
ebs2_56;69.57383548
ebs2_57;63.86281588
ebs2_58;70.75033201
ebs2_59;60.97883598
ebs1_2;64.06628941
ebs1_5;75.82012532
ebs1_6;65.37735849
ebs1_12;72.38520408
ebs1_14;77.41046832
ebs1_15;71.5679677
ebs1_16;76.29752066
ebs1_17;71.84434271
ebs1_19;76.0972316
ebs1_20;75.21974307
ebs1_21;75.94242632
ebs1_22;71.9356019
ebs1_23;63.88990826
ebs1_24;65.24271845
ebs1_26;65.59665038
ebs1_27;69.02465166
ebs1_29;73.7874465
ebs1_30;71.36283186
ebs1_31;75.2060666
ebs1_32;63.29280315
ebs1_35;74.27976397
ebs1_36;68.50108617
ebs1_37;65.48520303
ebs1_38;78.57857858
ebs1_39;67.59199484
ebs1_40;67.61453397
ebs1_41;67.01316701
ebs1_42;72.65983751
ebs1_43;71.49794546
gumm_2;72.50982962
gumm_5;57.58059368
gumm_7;61.07063668
gumm_9;63.93262541
gumm_11;63.49151368
gumm_12;58.73684211
gumm_18;61.50106351
gumm_19;60.80481622
gumm_20;62.42464836
gumm_24;65.32042724
gumm_39;65.55891239
gumm_41;54.93060628
gumm_63;59.13658355
gumm_70;58.68131868
gumm_71;48.15202232
gumm_74;58.95439377
gumm_83;56.19806094
gumm_84;74.69512195
gumm_85;58.24974057
gumm_87;70.17045455
gumm_89;62.73824651
gumm_91;56.91878703
gumm_92;61.47568854
bks_8;55.59964727
bks_10;64.49953227
bks_11;53.35743802
bks_12;56.59640906
bks_18;53.63234365
bks_20;64.14656772
bks_24;64.55813953
bks_26;55.89225589
bks_28;61.35607321
bks_29;50.43630017
bks_30;50.01952362
bks_35;59.78647687
bks_51;55.7486631
bks_53;56.41821946
bks_55;57.7540107
bks_57;52.72556391
bks_62;51.89161554
bks_64;55.86835845
bks_65;55.14998193
bks_66;17.59348035
bks_69;49.19559695
bks_71;54.93171472
bks_73;50.21097046
bks_75;45.99351552
bks_76;54.28999625
_bks_1;13.96076308
_bks_2;28.64043082
_bks_3;44.68062551
_bks_4;49.48068752
_bks_5;50.87234255
_bks_8;44.68062551
_bks_9;42.49959202
_bks_10;42.05689896
_bks_11;42.96328847
_bks_12;4.783372097
_bks_13;5.972734904
_bks_15;8.4
_bks_16;18.84903983
_bks_17;28.64043082
_bks_19;14.24040624
_bks_20;33.95002012
_bks_21;34.69122785
_bks_22;40.4836382
_bks_23;39.79692772
_bks_24;44.68062551
_bks_26;17.30713072
_bks_27;33.45812479
_bks_28;48.37474458
_bks_30;47.30093849
_bks_31;49.48068752
_bks_33;55.18449811
_bks_34;58.12510681
_bks_35;58.62416455
_bks_36;59.78647687
_bks_37;49.48068752
dgt_1;26.5385343
dgt_2;49.90149738
dgt_3;66.41186701
dgt_4;72.60361856
dgt_5;79.08018029
dgt_6;66.41186701
dgt_7;64.6067994
dgt_8;65.17072783
dgt_9;66.13070448
dgt_10;25.39886249
dgt_11;37.05036179
dgt_12;53.74346271
dgt_13;49.90149738
dgt_14;67.38454958
dgt_15;64.96537379
dgt_16;67.94428242
dgt_17;65.72882295
dgt_18;66.41186701
dgt_19;68.41007941
dgt_20;71.66012368
dgt_21;69.99516533
dgt_22;68.88415483
dgt_23;72.60361856
dgt_24;67.4275853
dgt_25;68.26489054
dgt_26;67.8925964
dgt_27;72.21511876
dgt_28;72.60361856
swage_1;10.72909873
swage_2;61.33614527
swage_3;78.0263046
swage_4;88.97213454
swage_5;84.7032708
swage_9;62.97115419
swage_10;52.87805297
swage_11;55.76382887
swage_12;61.2058346
swage_14;15.22598162
swage_15;27.21755514
swage_17;47.8627716
swage_18;51.44765417
swage_19;61.33614527
swage_22;37.5159086
swage_23;62.97115419
swage_25;76.90166827
swage_26;74.42099969
swage_27;78.0263046
swage_30;58.48644425
swage_31;71.74105094
swage_33;78.63698967
swage_34;81.53880183
swage_35;88.97213454
swage_38;82.76150379
swage_39;85.81017081
swage_40;91.65914775
swage_41;93.17740159
swage_42;88.97213454
wod_1;7.377516986
wod_2;80.58811461
wod_3;86.69562165
wod_4;90.09991581
wod_5;90.37577997
wod_9;86.69562165
wod_10;85.3063167
wod_11;85.40853834
wod_12;85.28740826
wod_14;34.61610957
wod_15;38.99804181
wod_16;41.93402453
wod_17;58.33119939
wod_18;79.89791765
wod_19;80.58811461
wod_22;40.1418673
wod_23;78.1156857
wod_24;83.73459935
wod_25;84.37795179
wod_27;82.49642322
wod_26;86.69562165
wod_30;85.23173964
wod_31;89.58566216
wod_32;88.96011845
wod_33;89.37954884
wod_34;89.87569988
wod_35;90.09991581
wod_38;82.68274029
wod_39;84.40744539
wod_40;85.13565717
wod_41;84.01025382
wod_42;90.09991581
_ebs1_1;18.68848205
_ebs1_2;52.78444227
_ebs1_3;86.31954659
_ebs1_4;92.1248203
_ebs1_5;94.29886931
_ebs1_6;88.8272436
_ebs1_10;92.1248203
_ebs1_11;90.0096491
_ebs1_12;91.10597504
_ebs1_13;89.08115378
_ebs1_15;11.43270707
_ebs1_16;36.11249214
_ebs1_17;42.76037649
_ebs1_18;69.39910305
_ebs1_19;76.50952975
_ebs1_20;86.31954659
_ebs1_23;17.28122776
_ebs1_24;38.78864148
_ebs1_25;71.38207789
_ebs1_26;83.79899555
_ebs1_27;90.60123562
_ebs1_28;92.1248203
_ebs1_31;39.11334851
_ebs1_32;83.43727614
_ebs1_33;88.94762747
_ebs1_34;90.35890281
_ebs1_35;94.7167752
_ebs1_36;94.29886931
_ebs1_39;81.35102403
_ebs1_40;86.07519795
_ebs1_41;86.09618726
_ebs1_42;85.57756263
_ebs1_43;94.29886931
gm_1;10.17450602
gm_2;53.2476953
gm_3;61.86035892
gm_4;70.31100418
gm_5;69.26009605
gm_6;69.55839676
gm_10;70.31100418
gm_11;67.30737204
gm_12;66.52508559
gm_13;66.56360085
gm_15;37.99406975
gm_16;41.73200024
gm_17;42.34754723
gm_18;51.51979271
gm_19;60.63222451
gm_20;61.86035892
gm_23;44.85749013
gm_24;54.78526569
gm_25;57.91015551
gm_26;62.39540043
gm_27;63.96171248
gm_28;70.31100418
gm_31;39.88465488
gm_32;52.92686872
gm_33;54.60578754
gm_34;58.81922327
gm_35;69.07309688
gm_36;69.26009605
gm_39;66.58318202
gm_40;68.83808503
gm_41;68.63405148
gm_42;69.51363483
gm_43;69.26009605
TC_1;2.448685632
TC_2;6.754966887
TC_3;2.857142857
TC_5;6.171428571
TC_6;14.83384721
TC_7;2.508474576
TC_9;24.87526728
TC_11;19.80469942
TC_13;18.27508817
TC_17;3.541741959
TC_18;12.75192378
TC_19;1.452870305
TC_21;24.05991077
TC_22;14.54131425
TC_23;42.00069711
TC_24;38.43626807
TC_25;45.05709625
TC_27;48.18634424
TC_29;46.46529563
TC_30;39.2843969
TC_31;49.81522542
TC_32;47.19819481
TC_33;43.37128167
TC_35;29.40365391
TC_36;52.42105263
TC_38;40.36504037
TC_39;33.34453782
TC_40;40.91723397
TC_49;46.85714286
TC_51;46.26407369
TC_52;35.22441652
TC_53;46.60421546
TC_54;48.23162275
TC_55;43.6076526
TC_56;46.68134634
TC_57;43.71842371
TC_58;51.96489889
TC_60;51.04740904
TC_61;53.15105035
TC_62;53.13653137
TC_63;51.77536232
TC_64;56.22908144
TC_66;46.7350038
TC_67;43.67775832
TC_68;44.70134875
TC_69;42.10526316
TC_70;38.81535407
TC_72;49.08845375
TC_74;47.48102139
TC_75;49.10596026
TC_76;46.90444145
TC_77;46.82401944
TC_80;46.63494222
TC_81;45.77691812
TC_82;45.77028886
TC_83;45.65853659
TC_84;48.02588997
TC_85;46.37212644
TC_86;45.25939177
TC_87;48.79243962
TC_88;46.4559387
TC_89;47.00033146
TC_90;48.34437086
TC_91;38.88684114
TC_93;50.92101155
TC_94;51.61541456
TC_96;52.30082418
TC_97;43.99869537
TC_98;49.40771876
TC_99;36.70232387
TC_100;43.60704912
TC_104;49.34354486
TC_105;51.5523712
TC_106;46.32822478
TC_108;46.80113457
TC_111;47.05882353
TC_112;44.7719516
TC_113;24.43484043
TC_114;34.30275913
TC_115;48.80952381
TC_116;44.31426602
TC_117;42.90506541
TC_118;46.15130492
TC_119;42.56935271
TC_120;45.89390963
TC_121;50.6567868
TC_122;48.59083192
TC_124;15.86727989
TC_125;15.31393568
TC_126;18.7366167
TC_127;21.81635389
TC_128;23.75960867
TC_130;38.84140551
TC_131;27.22204001
TC_132;26.77810554
TC_133;35.25337222
TC_134;35.32629934
TC_135;30.77425678
TC_136;36.14931238
TC_137;30.73364177
TC_138;28.83161512
TC_139;44.2351168
TC_140;24.60842325
TC_141;36.34531407
TC_142;35.08517579
TC_144;48.94125683
TC_145;41.51138716
TC_146;23.26139089
TC_147;0.97416349
TC_148;1.871739797
TC_149;1.658163265
TC_150;8.62378728
TC_151;31.1591502
TC_152;8.654212734
TC_153;6.669164481
TC_154;40.05732712
TC_155;50.80728272
TC_156;47.47983871
TC_157;47.09141274
TC_158;50.66859415
TC_160;48.69325997
TC_161;46.6572836
TC_162;47.43589744
TC_163;43.67332632
TC_164;36.30745462
TC_165;40.16010674
TC_166;17.31381286
TC_167;39.06408952
TW_168;35.07610854
TW_169;21.80814355
TW_170;23.26401128
TW_171;43.16573557
TW_172;73.50950693
TW_173;66.42233857
TW_174;67.61238025
TW_175;70.07125891
TW_176;73.73913043
TW_177;69.97915219
TW_178;74.52667814
TW_179;74.07678245
TW_180;71.60493827
TW_182;72.82648236
TW_185;36.18677043
TW_186;25.75962188
TW_187;30.05025126
TW_188;67.1454219
TW_189;71.45305003
TW_190;69.92456543
TW_192;73.76256048
TW_193;73.95498392
TW_194;70.44766072
TW_195;74.34710744
TW_196;73.13893654
TW_197;72.53682488
TW_198;71.69957414
TW_199;65.8847185
TW_200;71.56366093
TW_202;71.43824027
TW_204;70.9915223
TW_205;72.20670391
TW_206;68.81205067
TW_207;71.96092619
TW_208;62.87661406
TW_209;61.61255797
TW_210;51.75304878
TW_211;56.12777053
TW_212;67.66402307
TW_213;69.68308515
TW_214;70.20928712
TW_215;73.42436975
TW_216;69.90223464
TW_217;67.98711755
TW_218;68.992
TW_219;70.55988135
TW_220;59.70252508
TW_221;72.41638482
TW_222;72.5
TW_223;71.24368687
TW_224;70.93628088
TW_225;73.05919887
TW_226;73.00527241
TW_227;71.07681
TW_228;65.3259362
TW_229;65.97325409
TW_230;71.57894737
TW_231;72.30311052
TW_232;69.72891566
TW_233;71.73219979
TW_234;62.66052025
TW_235;55.59404226
TW_236;66.72733892
TW_237;69.23901393
TW_238;58.45410628
TW_239;58.47657567
TW_240;54.5770202
TW_241;33.22522523
TW_242;60.61424232
TW_243;67.71171171
TW_244;64.00418556
TW_245;68.13112538
TW_246;54.48895028
TW_247;63.68421053
TW_248;69.16951081
TW_250;49.59266802
TW_252;57.03342618
TW_253;54.31149733
TW_254;41.02564103
TW_255;41.3816008
TW_256;31.3464991
TW_257;38.95495495
TW_258;48.72276484
TW_259;32.35605793
TW_260;69.57571576
TW_261;37.20930233
TW_262;25.85443038
TW_263;42.16946917
TW_264;65.74659129
TW_265;66.77094195
TW_266;48.68421053
TW_267;40.41278296
TW_268;50.54443274
TW_269;25
TW_270;26.40310625
TW_271;28.15566836
TW_272;24.05146816
TW_273;41.63396361
TW_274;27.74546699
TW_275;51.00584036
TW_276;64.81415929
TW_277;55.87002096
TW_278;68.17528736
TW_279;66.95146958
TW_280;37.03703704
TW_281;22.50803859
TW_282;32.89641944
TW_283;24.00756144
TW_284;40.50676848
TW_285;70.35546613
TW_286;71.0078534
TW_287;71.57444005
TW_288;61.06666667
TW_289;61.03238866
TW_290;62.55375455
TW_291;69.57952468
TW_292;66.59966499
TW_293;66.26098715
TW_294;66.28261606
TW_295;70.3492516
TW_296;64.2599278
